상호명,분류,위도,경도
영풍문고,대형마트,37.56683009173382,126.98134414070798
롯데쇼핑(주)롯데마트 제타플렉스 서울역점,대형마트,37.55545096128627,126.96879804498309
주식회사 이마트 청계천점,대형마트,37.56822824750721,127.02064531713549
신세계백화점,백화점,37.55817279540518,126.98035135270975
롯데백화점 본점,백화점,37.562060005062754,126.98030217463776
아이파크(I PARK)백화점,백화점,37.526807444857624,126.96336935711312
(주)이마트 왕십리점,대형마트,37.560934323155,127.0372611192284
롯데쇼핑(주)롯데마트 강변점,대형마트,37.532948962979255,127.0949738733192
(주)이마트 자양점,대형마트,37.53505255598442,127.0718418255339
롯데백화점 건대스타시티점,백화점,37.53603806050592,127.07034655131766
GS THE FRESH 광진능동점,대형마트,37.552167136664806,127.08044770037426
GS THE FRESH 구의역점,대형마트,37.53530170131152,127.08458271320225
GS THE FRESH 광진중곡점,대형마트,37.55368110583168,127.08158742281978
롯데쇼핑(주)롯데마트 청량리점,대형마트,37.57822724869663,127.04620330703987
노브랜드 동대문 장안점,대형마트,37.563523432892545,127.0613915075144
이마트에브리데이 중화리버센SK점,대형마트,37.60022405685682,127.07487729396081
코스트코홀세일 상봉점,대형마트,37.59411366548143,127.08942216264755
홈플러스 신내점,대형마트,37.61304459806445,127.09297318991146
홈플러스(주)면목점,대형마트,37.57717772702668,127.08027303417795
주식회사 이마트 묵동점,대형마트,37.61109593755773,127.07676297512431
홈플러스(주) 서울 상봉점,대형마트,37.595350992527685,127.08972354846158
현대백화점 미아점,백화점,37.60562473308188,127.02793635848468
신세계이마트미아점,대형마트,37.608106668545,127.02893957437576
이마트 미아점,대형마트,37.608106668545,127.02893957437576
이마트 미아점,대형마트,37.608106668545,127.02893957437576
홈플러스 월곡점,대형마트,37.59907115220927,127.03965648433535
이마트 하월곡점,대형마트,37.60230266516558,127.03020756344553
이마트 미아점,대형마트,37.608106668545,127.02893957437576
이마트 하월곡점,대형마트,37.60230266516558,127.03020756344553
(주)농협유통 미아점,대형마트,37.61881780395498,127.02567191564096
홈플러스(주)방학점,대형마트,37.66209260503835,127.04295414285735
홈플러스(주) 중계점,대형마트,37.63716893531137,127.06781916888345
롯데마트 중계점,대형마트,37.644545887270425,127.06948560732003
건영옴니백화점,백화점,37.63607706372082,127.06396543430336
(주)이마트 은평점,대형마트,37.59760845718372,126.9194072639773
(주)이마트 수색점,대형마트,37.576844154450505,126.8978641091387
현대백화점 신촌점,백화점,37.55340768678495,126.93509761619221
(주)이마트 마포점,대형마트,37.539694240870055,126.95257794655997
(주)이마트 마포점,대형마트,37.539694240870055,126.95257794655997
홈플러스 합정점,대형마트,37.54818527682721,126.91299672765199
현대백화점목동점,백화점,37.52410488433174,126.87425002359366
행복한백화점,백화점,37.52662399350769,126.87529898201923
(주)이마트 목동점,대형마트,37.52310430540655,126.87048718835612
(주)이마트 신월점,백화점,37.53700746327384,126.82798497598826
홈플러스(주) 강서점,대형마트,37.55565923687818,126.85423175553738
(주) 이랜드리테일 강서점,백화점,37.5572138916288,126.83956656303565
홈플러스(주) 신도림점,대형마트,37.50667115646635,126.88695838346156
(주) 이마트 신도림점,대형마트,37.504224155393956,126.88953378411189
(주)이마트 구로점,대형마트,37.48159890602805,126.89713606383792
홈플러스 주식회사,대형마트,37.449150084821795,126.90001097415579
홈플러스(주) 금천점,대형마트,37.465934576595906,126.896112263373
삼성테스코(주)홈플러스 금천점,대형마트,37.465934576595906,126.896112263373
삼성테스코(주)홈플러스 금천점,대형마트,37.465934576595906,126.896112263373
홈플러스 시흥점,대형마트,37.449150084821795,126.90001097415579
롯데백화점 영등포점,백화점,37.513173456236245,126.90658678993677
홈플러스(주) 영등포점,대형마트,37.51547733117745,126.89513870776538
코스트코 홀세일,대형마트,37.52512330121057,126.89149384512139
신세계 이마트 여의도점,대형마트,37.5154224689501,126.9252674120644
(주)신세계 타임스퀘어점,백화점,37.51441989778146,126.90477720258959
(주)이마트 여의도점,대형마트,37.5154224689501,126.9252674120644
롯데쇼핑(주) 롯데마트 양평점,대형마트,37.52329926113133,126.89086086839907
THE HYUNDAI SEOUL,백화점,37.52330030462276,126.92750964934234
홈플러스 서울남현점,대형마트,37.468728075240115,126.98162464062592
코스트코코리아,대형마트,37.459275631176446,127.03530856462454
(주)이랜드리테일 강남점,대형마트,37.50664721340834,127.00652142296512
(주)이마트 양재점,대형마트,37.46064429546007,127.03622345615615
신세계백화점 강남점,대형마트,37.501613640894995,127.00283236563925
뉴코아백화점,백화점,37.50633886190109,127.00416188027742
(주)이마트 역삼점,대형마트,37.496466596862234,127.04764968478078
하우스오브신세계 청담,백화점,37.52064328810587,127.04286811147384
GS THE FRESH 청담점,대형마트,37.52398156102478,127.05095603425131
갤러리아백화점(동관),백화점,37.5253300922778,127.04077989202838
(주)현대백화점 본점,백화점,37.524583880401345,127.02668100113998
현대백화점 무역센터점,백화점,37.5058445307933,127.05892834096326
갤러리아백화점(서관),백화점,37.52581135418423,127.03926521203415
롯데백화점(강남점),백화점,37.494307332417435,127.05280367916221
롯데백화점 에비뉴엘 월드타워점,백화점,37.51035017525916,127.10264186436424
롯데쇼핑(주) 롯데마트 월드타워점,대형마트,37.51035017525916,127.10264186436424
롯데쇼핑(주)롯데마트 제타플렉스 잠실점,대형마트,37.50853564692212,127.09714783160442
롯데백화점 잠실점,백화점,37.50853564692212,127.09714783160442
롯데쇼핑(주)롯데마트 송파점,대형마트,37.48898731768692,127.11695930765686
홈플러스(주)잠실점,대형마트,37.51350545505795,127.10224178557574
현대백화점 천호점,백화점,37.53627526600129,127.12366587258238
신세계 이마트 명일점,대형마트,37.551921859569745,127.15505008173547
(주)이마트천호점,대형마트,37.53589374447555,127.12475148236553
홈플러스 강동점,대형마트,37.54296687081529,127.14145856789139
롯데백화점 광복점,백화점,35.095215857257465,129.03523581446572
롯데마트 광복점,대형마트,35.095215857257465,129.03523581446572
롯데쇼핑(주) 롯데키즈마트 부산점,대형마트,35.16049994598132,129.04844321566833
롯데백화점부산점,백화점,35.153863913655286,129.0551350284444
트레이더스 홀세일 클럽 서면점,대형마트,35.16111132776781,129.05178013335066
(주)농협유통 하나로마트 부전점,대형마트,35.160027880156676,129.06148594271514
(주)메가마트 동래점,대형마트,35.20145139699496,129.0803093913952
롯데백화점 동래점,백화점,35.209024414307464,129.07657941823138
홈플러스(주) 동래점,대형마트,35.21851607079138,129.08471046132962
롯데쇼핑(주) 롯데마트 동래점,대형마트,35.209024414307464,129.07657941823138
(주) 이마트 문현점,대형마트,35.14154199853406,129.0633942703322
롯데쇼핑(주)롯데마트화명점,대형마트,35.232391711485995,129.01212446248715
예스홈마트,대형마트,35.20872652118792,129.00635815606424
삼한상가시장,대형마트,35.22737607992582,129.16208562896796
이랜드 리테일 해운대점,백화점,35.16775044169067,129.17617636422256
롯데쇼핑주식회사,백화점,35.167060920212634,129.13022555767162
홈플러스 센텀시티점,대형마트,35.1681459015475,129.132793083509
롯데백화점 센텀시티점,백화점,35.167060920212634,129.13022555767162
(주)신세계 센텀시티점,백화점,35.16614359179757,129.12876143264901
(주)이마트 해운대점,대형마트,35.16323862418402,129.1664958105752
롯데슈퍼 좌1동점,대형마트,35.17473388981975,129.1746687994613
롯데슈퍼 해운대점,대형마트,35.16724116611848,129.1751851731401
해동시장,대형마트,35.15934846077218,129.1771036606833
재송삼익상가시장,대형마트,35.18832886285622,129.12043148143175
마리나상가시장,대형마트,35.1590773710722,129.14056885175194
대성종합상가시장,대형마트,35.15504723322072,129.14671874874915
대동상가시장,대형마트,35.17398532089104,129.17195232433008
L.G 상가시장,대형마트,35.17777970601237,129.1726842983537
운봉장터시장,대형마트,35.22841369547278,129.1541282015128
우동종합상가시장,대형마트,35.167586623947955,129.138062791149
홈플러스(주) 부산반여점,대형마트,35.19374707223426,129.11479535233224
롯데슈퍼 좌동점,대형마트,35.16973846891945,129.16648015046945
롯데백화점 센텀시티점,백화점,35.167060920212634,129.13022555767162
서원유통탑마트신평점,대형마트,35.09438652152587,128.96103329219207
홈플러스(주) 익스프레스 다대포점,대형마트,35.04759461609418,128.96495456373762
롯데쇼핑(주) 롯데마트 사하점,대형마트,35.08204605286497,128.97053625306938
(주)이마트 금정점,대형마트,35.247416703511114,129.0897548861594
(주)이마트 연제점,대형마트,35.17335025381415,129.0804425123239
트레이더스 홀세일 클럽 연산점,대형마트,35.18235493784284,129.11114170916127
홈플러스 주식회사 아시아드점,대형마트,35.18812674250721,129.0605520644649
코스트코 홀세일 부산점,대형마트,35.17579111984338,129.11441632147017
홈플러스(주)서부산점,대형마트,35.161511824107144,128.97694329927035
(주)메가마트 기장점,대형마트,35.25190312655864,129.22126308367334
홈플러스 부산정관점,대형마트,35.32029918121638,129.17548851715796
주식회사 서원유통 탑마트 기장서부점,대형마트,35.24288843482263,129.20913618467787
주식회사 서원유통 탑마트 기장점,대형마트,35.23430917857455,129.2163831885561
대백프라자,백화점,35.853231129761944,128.60550747811288
탑마트 대구점,대형마트,35.85863133685414,128.59310571037997
코스트코 홀세일 대구점,대형마트,35.874445841702354,128.72984154572612
(주)이마트 반야월점,대형마트,35.86801917584013,128.72655898590492
GS THE FRESH 대구파크드림점,대형마트,35.88391317851831,128.62649502813397
GS THE FRESH 대구화랑로점,대형마트,35.86667569843497,128.630253716657
(주)신세계 동대구복합환승센터,백화점,35.87507219695971,128.62814776603915
광장코아,대형마트,35.85337308180574,128.55070162231914
두류1번가,대형마트,35.856355700091825,128.55949312193528
홈플러스(주)남대구점,대형마트,35.83624762286753,128.56938387205182
코스트코 홀세일,대형마트,35.903376160898944,128.61739011797724
(주)홈플러스 칠곡점,대형마트,35.9420785849976,128.5550923195176
신세계이마트 칠성점,대형마트,35.88214335190915,128.58924133168438
(주)이마트 칠성점,대형마트,35.88214335190915,128.58924133168438
(주)이마트 만촌점,대형마트,35.86852551274807,128.63599327600005
홈플러스 대구 수성점,대형마트,35.83602924289315,128.6223568132636
홈플러스(주) 익스프레스 상인점,대형마트,35.81790229670148,128.5459869065579
홈플러스(주) 익스프레스 용산2점,대형마트,35.85111775855645,128.51763118335614
(주)이마트 월배점,대형마트,35.814315918381254,128.52301716779138
노브랜드 대구월배시장점,대형마트,35.81119937000614,128.52679808769213
롯데백화점 상인점,백화점,35.81618701461751,128.53854928924076
(주)지에스리테일 GS수퍼 대구월곡점,대형마트,35.81064382375403,128.5451815666698
(주)지에스리테일 GS수퍼 본리점,대형마트,35.84020384584992,128.5410389336561
홈플러스(주) 익스프레스 감삼점,대형마트,35.842222780703565,128.54340026367558
홈플러스(주) 익스프레스 용산점,대형마트,35.85438786684178,128.52996036213545
(주)이마트 성서점,대형마트,35.85091779619233,128.5092914595495
홈플러스(주) 성서점,대형마트,35.84670067325405,128.5266124273236
홈플러스(주)  상인점,대형마트,35.8153980270985,128.53256225855296
(주)서원유통 탑마트 현풍점,대형마트,35.689421957892186,128.44280620731783
(주)이마트  동인천점,대형마트,37.46384316042589,126.62771135254879
트레이더스 홀세일 클럽 송림점,대형마트,37.480342181407025,126.65978496134906
홈플러스(주) 인하점,대형마트,37.44493749245754,126.64999695245012
롯데쇼핑(주)인천점,백화점,37.438669083695274,126.70054932467185
(주)이마트에브리데이 인천도화점,대형마트,37.46729993681664,126.66437987853858
홈플러스 (주) 인하점,대형마트,37.44493749245754,126.64999695245012
롯데쇼핑(주)인천점,백화점,37.438669083695274,126.70054932467185
코스트코 홀세일 송도점,대형마트,37.38697535689757,126.63252253774776
롯데쇼핑(주) 롯데마트 연수점,대형마트,37.412338127471855,126.67438729458316
롯데마트 연수점,대형마트,37.412338127471855,126.67438729458316
롯데마트 송도점,대형마트,37.38549131028446,126.6426017177633
이마트 연수점,대형마트,37.40153357655607,126.68036461882551
홈플러스 인천연수점,대형마트,37.40322959293477,126.68292223214861
롯데마트연수점,대형마트,37.412338127471855,126.67438729458316
롯데마트연수점,대형마트,37.412338127471855,126.67438729458316
롯데쇼핑(주) 롯데마트 송도점,대형마트,37.38549131028446,126.6426017177633
(주)동보올리브백화점,백화점,37.4582079625044,126.70808097098934
홈플러스(주) 간석점,대형마트,37.46680563506429,126.6882342879305
(주)이마트 트레이더스 구월점,대형마트,37.43693808287645,126.7070503976146
롯데쇼핑(주)롯데마트 부평역점,대형마트,37.486927672255895,126.72190612093159
롯데쇼핑(주)롯데마트 부평점,대형마트,37.50224323709223,126.70332828732526
모다이노칩 부평점,백화점,37.490638696247615,126.71866699182966
GS THE FRESH 부평열우물점,대형마트,37.47264950762031,126.69706732991345
GS THE FRESH 부평더샵점,대형마트,37.47264950762031,126.69706732991345
롯데쇼핑(주)롯데마트부평역점,대형마트,37.486927672255895,126.72190612093159
(주)이마트 부평점,대형마트,37.51395945090241,126.7250538508488
롯데쇼핑(주)롯데마트부평점,대형마트,37.50224323709223,126.70332828732526
롯데백화점 부평점,백화점,37.490638696247615,126.71866699182966
롯데쇼핑(주)롯데마트 삼산점,대형마트,37.505134602505294,126.73126536249231
롯데쇼핑(주)롯데마트삼산점,대형마트,37.505134602505294,126.73126536249231
홈플러스스토어즈(주) 계산점,대형마트,37.536755671335975,126.73542945509679
롯데쇼핑(주) 롯데마트 계양점,대형마트,37.53811569193425,126.73523381312856
홈플러스(주) 작전점,대형마트,37.523428001532885,126.72049090134048
(주)이마트 계양점,대형마트,37.5283001022768,126.73611834571594
(주)이마트 계양점,대형마트,37.5283001022768,126.73611834571594
(주)이마트 계양점,대형마트,37.5283001022768,126.73611834571594
(주)이마트 계양점,대형마트,37.5283001022768,126.73611834571594
롯데마트 검단점,대형마트,37.591795549939626,126.66373362165835
롯데쇼핑 (주) 롯데마트 청라점,대형마트,37.52815286536598,126.64618042117418
(주)대명화학 유통사업부 인천점,대형마트,37.507537719847974,126.64698530250881
서경백화점,백화점,37.51517201774207,126.67179079219365
코스트코 홀세일 청라점,대형마트,37.53687640921985,126.61602446808304
(주) 이마트 검단점,대형마트,37.582629146148946,126.67583534320129
홈플러스 가좌점,대형마트,37.494870142382425,126.66995137185991
플라마프라자,백화점,35.14652416202808,126.9143819117757
롯데백화점 광주점,백화점,35.152057256471664,126.91124833399894
삼성테스코(주) 홈플러스 계림점,대형마트,35.15869004003057,126.91585940235257
문구완구종합상가,대형마트,35.156151079657235,126.87710971945337
서부코아,대형마트,35.150708458699384,126.87901595232802
롯데쇼핑(주)롯데마트맥스 상무점,대형마트,35.14960370608335,126.851583291008
신세계이마트상무점,대형마트,35.15295569056596,126.85336372140908
(주)광주신세계,백화점,35.15754178669305,126.87932516518366
(주)광주신세계이마트,대형마트,35.15604745929116,126.88119431761834
(주)광주신세계이마트,대형마트,35.15604745929116,126.88119431761834
(주)광주신세계,백화점,35.15754178669305,126.87932516518366
(주)광주신세계,백화점,35.15754178669305,126.87932516518366
롯데쇼핑(주)롯데마트 월드컵점,대형마트,35.13059368830762,126.87702035193598
빅마트,대형마트,35.12315194257851,126.89655992286158
(주)킴스클럽마트 광주점,대형마트,35.11988643946783,126.89815915044801
이마트 봉선점,대형마트,35.11964500949919,126.91521909902038
홈플러스(주) 동광주점,대형마트,35.17677775321882,126.9296571099394
주식회사 이마트 광산점,대형마트,35.15736060294404,126.80781651807858
롯데쇼핑(주) 롯데마트 수완점,대형마트,35.186905021130855,126.81917731127437
홈플러스(주) 광주하남점,대형마트,35.17518389749117,126.80460474086951
(주)이마트 대전터미널점,대형마트,36.34762147572246,127.43582628689875
이마트 대전터미널점,대형마트,36.34762147572246,127.43582628689875
홈플러스(주) 동대전점,대형마트,36.351067793373495,127.43655026654245
홈플러스(주)대전가오점,대형마트,36.30417487024758,127.45720759687742
홈플러스(주)대전가오점,대형마트,36.30417487024758,127.45720759687742
삼성테스코(주) 홈플러스 동대전점,대형마트,36.351067793373495,127.43655026654245
홈플러스(주) 대전가오점,대형마트,36.30417487024758,127.45720759687742
백화점 세이,백화점,36.31824948588642,127.4081521564619
코스트코 홀세일 대전점,대형마트,36.32123396728273,127.40268121517883
이랜드리테일 NC 중앙로역점,백화점,36.326000290615525,127.42451088154515
(주) 한화갤러리아 타임월드,백화점,36.34908577602947,127.37723068700274
월마트대전점,대형마트,36.35491834852287,127.36216423461269
롯데백화점 대전점,백화점,36.33786710235994,127.38875113045061
홈플러스(주) 익스프레스 괴정점,대형마트,36.33061379209178,127.38165678891336
롯데쇼핑(주) 롯데마트 서대전점,백화점,36.29895629323743,127.32244274142307
홈플러스(주)유성점,대형마트,36.35570578181039,127.35353092189747
롯데쇼핑(주)롯데마트 노은점,백화점,36.38143911967213,127.32087731030394
대전신세계 엑스포점,백화점,36.37460031035261,127.38350472991345
홈플러스(주) 울산점,대형마트,35.5616549828416,129.33379910152127
롯데백화점 울산점,백화점,35.53567247110677,129.33746229758026
(주)현대백화점 울산점,백화점,35.53684744973684,129.33491764234137
(주)신세계이마트울산점,대형마트,35.5352596928356,129.3475130534097
롯데마트 울산점,대형마트,35.53080282627276,129.3149268622508
(주)현대백화점 동구점,백화점,35.51871193653198,129.43085431023033
롯데쇼핑(주)롯데마트 진장점,대형마트,35.57324394772738,129.35744318188864
코스트코 홀세일 울산점,대형마트,35.574307681343996,129.3578299714123
한화갤러리아(주) 광교점,백화점,37.28245364795591,127.05664757282142
롯데쇼핑(주) 롯데마트 영통점,대형마트,37.24992759995864,127.07078964915333
홈플러스(주) 동수원점,대형마트,37.260013909922634,127.02933940412916
롯데쇼핑(주) 롯데마트 천천점,대형마트,37.293672208191296,126.9814129107187
홈플러스(주) 북수원점,대형마트,37.29997251606275,127.00800672400004
홈플러스(주) 영통점,대형마트,37.24902630240316,127.07174803906871
(주)이마트 서수원점,대형마트,37.27967085351788,126.96942784876872
홈플러스(주) 서수원점,대형마트,37.27158507937041,126.95451114236579
롯데쇼핑(주) 롯데마트 광교점,대형마트,37.28792038461029,127.0497234796146
(주)이마트 수원점,대형마트,37.24768934411775,127.02009344690244
트레이더스 홀세일클럽 수원점,대형마트,37.24332490923132,127.04785631006796
(주)이마트 광교점,대형마트,37.293822951777784,127.04691421874107
(주)이마트분당점,대형마트,37.35606159993493,127.11899700548366
홈플러스(주) 야탑점,대형마트,37.410342663324535,127.12653351465717
롯데백화점 분당점,백화점,37.375708705673084,127.11350149192633
NC백화점 야탑점,백화점,37.407664590727926,127.12650526834732
롯데마트 판교점,대형마트,37.39277011763468,127.1128560425449
현대백화점 판교점,백화점,37.39002414441463,127.111235379535
(주)이마트분당점,대형마트,37.35606159993493,127.11899700548366
홈플러스(주) 분당오리점,대형마트,37.33729359741758,127.10617786291813
코스트코 홀세일 의정부점,대형마트,37.748568302045136,127.11839769027843
롯데쇼핑(주) 마그넷 의정부점,대형마트,37.7400780053498,127.08347517818636
이마트 의정부점,대형마트,37.74041215428384,127.10155914115364
롯데마트 장암점,대형마트,37.721001319960216,127.05252182373881
(주)이마트평촌점,대형마트,37.392025033767034,126.96332499834536
롯데쇼핑(주)  중동점,백화점,37.499818347631546,126.77442473262961
월마트슈퍼센타 중동점,대형마트,37.50130368461251,126.76318515349331
(주)현대백화점 중동점,백화점,37.501537925125625,126.76139870500896
(주)현대백화점 중동점,백화점,37.501537925125625,126.76139870500896
홈플러스 주식회사 부천여월점,대형마트,37.51311837976778,126.8015555351064
홈플러스(주) 부천소사점,대형마트,37.48210142972338,126.81350376398652
코스트코 홀세일 광명점,대형마트,37.41796617091341,126.88566458974664
(주) 이마트 광명소하점,대형마트,37.44386228777544,126.8837680833341
홈플러스 평택안중,대형마트,36.987471914705665,126.91558809135111
홈플러스 송탄점,대형마트,37.04225546907781,127.05877082841934
AK PLAZA 평택점,백화점,36.98791271928404,127.08450859592966
주)이마트평택점,대형마트,37.018422186877366,127.07500905944921
송탄농협 종합타운 하나로마트,대형마트,37.0472138896194,127.08140043877573
롯데쇼핑(주) 롯데마트 동두천점,대형마트,37.87792310523776,127.05216332137746
동두천농협하나로마트,대형마트,37.89712923689628,127.05145493633671
롯데쇼핑(주) 안산점,백화점,37.31524775073388,126.83374842929372
(주)이마트 안산고잔점,대형마트,37.30043916136071,126.81115085147908
트레이더스 홀세일클럽 안산점,대형마트,37.328501109770706,126.78419510086482
롯데쇼핑(주) 롯데마트 화정점,대형마트,37.63020714781529,126.8303497340235
롯데쇼핑(주) 롯데백화점 일산점,백화점,37.65795109008638,126.77121578921604
코스트코 홀세일 일산점,대형마트,37.63811342680209,126.78778365492704
롯데쇼핑(주) 롯데마트 고양점,대형마트,37.62243683147675,126.83540363025652
현대백화점 킨텍스점,백화점,37.66517421325094,126.75072166370228
홈플러스(주) 킨텍스점,대형마트,37.66517421325094,126.75072166370228
홈플러스(주) 고양터미널점,대형마트,37.64048566244083,126.788917689885
이마트 풍산점,대형마트,37.67115442386954,126.78633395113648
(주)이마트 스타필드마켓 일산점,대형마트,37.658822563151325,126.74330424049204
홈플러스테스코 일산점,대형마트,37.65629642386267,126.76809172536568
까르푸일산점,대형마트,37.64615122256252,126.77857767354054
그랜드백화점일산점,백화점,37.66825229870848,126.76038768626742
롯데쇼핑(주) 롯데마트 주엽점,대형마트,37.670573518103254,126.75458919725877
롯데쇼핑(주)구리점,백화점,37.600036848262306,127.14321592484329
시민마트,대형마트,37.609914767049425,127.1400648036694
(주)지에스리테일 GS스퀘어 구리점,백화점,37.600036848262306,127.14321592484329
롯데쇼핑(주) 롯데마트 그랑그로서리 구리점,대형마트,37.609914767049425,127.1400648036694
롯데쇼핑(주) 구리점,백화점,37.600036848262306,127.14321592484329
이마트 별내점,대형마트,37.64004400258741,127.12517036539732
롯데쇼핑(주) 롯데마트 오산점,대형마트,37.14667241321544,127.07222191798998
홈플러스(주)오산점,대형마트,37.16738101950518,127.06099737263843
롯데쇼핑(주)롯데마트,대형마트,37.14667241321544,127.07222191798998
롯데쇼핑(주) 롯데마트 시흥배곧점,대형마트,37.366294061900014,126.73029974164118
롯데쇼핑(주) 롯데마트 시흥점,대형마트,37.440295307684465,126.79118426343678
홈플러스(주)시화점,대형마트,37.342531663077935,126.72431615128522
롯데쇼핑(주) 롯데마트 시화점,대형마트,37.33420208455206,126.72933607330909
(주)이마트 산본점,대형마트,37.35837031542416,126.93071482529959
트레이더스 홀세일 클럽 군포점,대형마트,37.33737685884723,126.93390905042897
롯데쇼핑(주) 롯데마트 의왕점,대형마트,37.37749163949092,126.97288253423089
롯데쇼핑(주) 롯데마트 의왕점,대형마트,37.37749163949092,126.97288253423089
(주)이마트 의왕점,대형마트,37.34760431043216,126.97280159861032
이마트 하남점,대형마트,37.54999997459659,127.2045675694505
현대상가,대형마트,37.536849091893664,127.2182963405739
신안종합상가,대형마트,37.534039224941,127.22486915906582
이마트 하남점,대형마트,37.54999997459659,127.2045675694505
홈플러스(주) 경기하남점,대형마트,37.53525407131605,127.21182958388258
코스트코 홀세일 하남점,대형마트,37.54798243953369,127.19309704478408
(주)이마트 수지점,대형마트,37.317068245601604,127.08256445906856
트레이더스 홀세일 클럽 구성점,대형마트,37.30270483597226,127.10458034417701
(주)이마트 스타필드 마켓 죽전점,대형마트,37.322624980927195,127.10913782941955
(주)이마트 용인점,대형마트,37.22864452044273,127.18838053798734
(주)이마트 동백점,대형마트,37.27528968159068,127.15090779197041
(주)농협유통하나로클럽 용인점,대형마트,37.26333867208699,127.13521476324945
(주)이마트 보라점,대형마트,37.24484777342412,127.10433467947352
(주)이마트 흥덕점,대형마트,37.27301033874106,127.0725456751788
(주) 신세계 사우스시티,백화점,37.322255854309944,127.10734368576195
롯데쇼핑(주) 롯데마트 신갈점,대형마트,37.269408001294956,127.1066471853485
코스트코홀세일 공세점,대형마트,37.235497699968846,127.10813465111194
코스트코 홀세일 공세점,대형마트,37.235497699968846,127.10813465111194
정동마트,대형마트,37.24678935351008,127.22250682718544
느티나무마트,대형마트,37.3031063973172,127.07371573943786
홈플러스(주)파주문산점,대형마트,37.86649011743448,126.7841016416619
(주)이마트 파주운정점,대형마트,37.7076020848897,126.74431819035757
(주)이마트파주점,대형마트,37.74415754809241,126.75073778726775
롯데쇼핑(주) 롯데마트 이천점,대형마트,37.27189642692225,127.45385612060583
롯데쇼핑(주)롯데마트안성점,대형마트,37.00505922230357,127.19881437379479
안성축산농협 하나로마트,대형마트,36.985929748246626,127.26700771254556
서안성농협 하나로마트,대형마트,37.00706629771799,127.17138780915194
(주)이마트 안성점,대형마트,37.0099694402885,127.25518831958844
(주)이마트안성,대형마트,37.0099694402885,127.25518831958844
홈플러스 주식회사 김포점,대형마트,37.621130728987424,126.69788169105173
홈플러스(주) 김포풍무점,대형마트,37.607196643554424,126.7229087332179
김포농협 농수축산물판매장,대형마트,37.62896520684993,126.71217148873417
롯데쇼핑(주) 롯데마트 김포한강점,대형마트,37.63773138216951,126.67677928532379
트레이더스 홀세일클럽 김포점,대형마트,37.60983802602519,126.73001717240598
이마트 김포한강점,대형마트,37.64168983543703,126.6274530735507
롯데쇼핑(주) 롯데마트 김포한강점,대형마트,37.63773138216951,126.67677928532379
엠에스리테일,대형마트,37.88838361401788,127.75787172506972
춘천철원화천양구축산농협 하나로마트(퇴계점),대형마트,37.85124338779518,127.73671607861372
롯데쇼핑(주)롯데마트 석사점,대형마트,37.86384903861448,127.75842604714221
홈플러스(주)춘천점,대형마트,37.847870935129244,127.73394061472347
롯데쇼핑(주)롯데마트 춘천점,대형마트,37.8658766013339,127.71720873385867
(주)메가마트 엠 춘천점,백화점,37.87580785657576,127.72781462192945
(주)이마트 춘천점,대형마트,37.86106261373268,127.71753443794776
홈플러스 원주점,대형마트,37.31498317048923,127.9665304912545
롯데쇼핑(주)롯데마트 원주점,대형마트,37.3429574143167,127.9267520751464
(주)이마트원주점,대형마트,37.31786151469245,127.91793745463825
(주)이마트강릉점,대형마트,37.76768801452212,128.92178981652677
(주)이마트 동해점,대형마트,37.52117247640804,129.11621841757454
속초농협하나로마트엑스포지점,대형마트,38.19160440137964,128.57812927630124
(주)이마트 속초점,대형마트,38.188171766701885,128.5952603130167
노브랜드 삼척중앙시장점,대형마트,37.439350252067925,129.16439677328322
홈플러스(주)삼척점,대형마트,37.44361257119143,129.16747244084937
삼성테스코(주)홈플러스삼척점,대형마트,37.44361257119143,129.16747244084937
동북프라자,대형마트,36.98377569024114,127.92201416715945
롯데쇼핑(주)롯데마트충주점,대형마트,36.97900156334486,127.9137816753247
애플존,대형마트,36.983961092384924,127.92176961126059
(주) 이마트 충주점,대형마트,36.969400341076124,127.9229721681458
홈마트,대형마트,36.998570361655986,127.83431209793741
(주)이마트 제천점,대형마트,37.120692848954356,128.2221092287827
이마트,대형마트,37.120692848954356,128.2221092287827
코스트코 홀세일 천안점,대형마트,36.83985467134945,127.10447100259005
맘마마트 천안점,대형마트,36.79743864067415,127.11597406010927
맘마마트 천안점,대형마트,36.79743864067415,127.11597406010927
대하식자재마트 천안점,대형마트,36.79743864067415,127.11597406010927
(주)메가마트 메가도매센터 천안점,대형마트,36.858886028813615,127.15150338566484
신세계백화점 천안아산점,백화점,36.81752611015986,127.1559093708651
롯데쇼핑(주)롯데마트천안점,대형마트,36.79743864067415,127.11597406010927
이마트 천안점,대형마트,36.79330442500705,127.12644685816718
이마트 서북점,대형마트,36.83578285969531,127.1213803384292
이마트  천안터미널점,대형마트,36.81752611015986,127.1559093708651
한화갤러리아(주) 센터시티,백화점,36.797701837248894,127.10389098624937
홈플러스 천안점,대형마트,36.79644370639394,127.16465679047936
온양농협 하나로마트 이순신점,대형마트,36.76788844289569,127.00904949695266
롯데마트 터미널점,대형마트,36.78197886355755,127.01502480375025
트레이더스 홀세일 클럽 천안아산점,대형마트,36.79375402613053,127.10488160871078
(주)이마트 아산점,대형마트,36.77379319204875,127.02104095307041
이마트 서산점,대형마트,36.7855672495626,126.47796587936833
충서원예농협 하나로마트,대형마트,36.78389778162205,126.47251003252995
롯데쇼핑(주)롯데마트서산점,대형마트,36.77094726136926,126.43807394667074
청안백화점,백화점,36.20177972224796,127.08468952902803
홈플러스(주) 논산점,대형마트,36.18081947046406,127.09743653107913
롯데쇼핑(주)롯데마트 홍성점,대형마트,36.598316171383914,126.67549303537916
롯데쇼핑(주) 롯데백화점 전주점,백화점,35.83176666414159,127.12099162384743
롯데쇼핑(주) 롯데마트 전주점,대형마트,35.81359035823237,127.10172660654649
홈플러스 주식회사 전주점,대형마트,35.84474669191494,127.15210169700352
전주코아백화점,백화점,35.82276133306623,127.14397288540651
(주)이마트 전주점,대형마트,35.829823727309844,127.11947709372593
홈플러스(주) 전주효자점,대형마트,35.803853830315695,127.11321224291449
(주)이마트군산점,대형마트,35.97997760476252,126.73392924895812
홈플러스(주) 익산점,대형마트,35.95616022408232,126.97148875023167
(주)이마트 익산점,대형마트,35.927852899084534,126.95718649410699
롯데쇼핑(주)롯데마트 익산점,대형마트,35.95632821530843,126.973218170629
롯데쇼핑(주) 롯데마트 정읍점,대형마트,35.57688988188674,126.83965881740832
롯데쇼핑(주) 롯데마트 정읍점,대형마트,35.57688988188674,126.83965881740832
롯데쇼핑(주) 롯데마트 남원점,대형마트,35.42056487807442,127.39195848327208
이마트 남원점,대형마트,35.40486376687485,127.37400375697476
홈플러스(주) 김제점,대형마트,35.796933205803896,126.90206110659646
홈플러스(주) 김제점,대형마트,35.796933205803896,126.90206110659646
모다아울렛,대형마트,35.81437727309639,126.99246622956154
홈플러스(주) 목포점,대형마트,34.803171839060106,126.39885879428344
롯데쇼핑(주)롯데마트맥스 목포점,대형마트,34.79450301984203,126.42858478949017
롯데쇼핑(주) 롯데몰 여수점,대형마트,34.72554048795744,127.72067919671512
롯데쇼핑(주) 롯데마트 여천점,대형마트,34.77434998851087,127.65045304722784
신세계 이마트 여수점,대형마트,34.75524109514158,127.7141379645405
뉴코아순천아울렛킴스,대형마트,34.97058406028611,127.52112616481136
홈플러스(주)순천풍덕점,대형마트,34.937287611613854,127.50819397111192
홈플러스(주) 순천점,대형마트,34.958451443313955,127.51946364568516
(주)이마트 순천점,대형마트,34.93964694109535,127.50791466725717
뉴코아순천점,백화점,34.97061330599508,127.51916447435569
홈플러스 광양점,대형마트,34.92559848879506,127.69397919923738
홈플러스 광양점,대형마트,34.92559848879506,127.69397919923738
롯데백화점 포항점,백화점,36.046871019000356,129.36863568748302
롯데쇼핑(주) 롯데마트 포항점,대형마트,36.02474225885422,129.32385964938695
홈플러스(주)죽도점,대형마트,36.02810633311664,129.3642340589321
홈플러스(주)포항점,대형마트,36.009956939239736,129.34803928002756
홈플러스(주)경주점,대형마트,35.870418596786664,129.22372097807698
(주)준성공,백화점,35.84074962511156,129.2124368500314
롯데쇼핑(주)롯데마트김천점,대형마트,36.133248698829334,128.1169353210524
김천농협 하나로마트,대형마트,36.12086973788762,128.11681827884348
(주)이마트 김천점,대형마트,36.13221913420675,128.11598027140388
(주)이마트 안동점,대형마트,36.555726553355186,128.69854016927084
안동봉화축산업협동조합 하나로마트,대형마트,36.57036224229285,128.6846489510127
홈플러스(주) 안동점,대형마트,36.559805996035294,128.72870309281015
홈플러스(주) 안동점,대형마트,36.559805996035294,128.72870309281015
홈플러스(주) 구미점,대형마트,36.10000238170622,128.36293282338883
HS식자재도매유통 구미점,대형마트,36.154433020639786,128.33254912099855
금오G7 스퀘어,대형마트,36.13595734207478,128.31431115170813
(주)이마트 동구미점,대형마트,36.10359589833457,128.40384014921725
동아백화점구미점,대형마트,36.11698740740062,128.3476953815678
영주농협 파머스마켓,대형마트,36.79280703236698,128.63075075739914
(주)이마트영천점,대형마트,35.95541801829468,128.910183519944
(주)이마트 상주점,대형마트,36.425039728522094,128.1503306127219
(주)이마트 상주점,대형마트,36.425039728522094,128.1503306127219
홈플러스 경산점,대형마트,35.83003963734127,128.73481240660357
(주)이마트경산점,대형마트,35.83192561378059,128.71931562761688
(주)서원유통 탑마트 서진주점,대형마트,35.167595410664816,128.06107529064886
(주)이마트 진주점,대형마트,35.18881671845197,128.07657834037602
한화갤러리아(주) 진주점,백화점,35.193914758204386,128.08149548531262
홈플러스 진주점,대형마트,35.18480397328631,128.11686540525696
홈플러스 진주점,대형마트,35.18480397328631,128.11686540525696
(주)이마트 진주점,대형마트,35.18881671845197,128.07657834037602
갤러리아백화점 진주점,백화점,35.193914758204386,128.08149548531262
삼전프라자상가,대형마트,35.18999902951421,128.12035011984287
홈플러스 삼천포점,대형마트,34.93770177555078,128.07911728514836
홈플러스 삼천포점,대형마트,34.93770177555078,128.07911728514836
(주)이마트 사천점,대형마트,34.947909277152135,128.0763818477062
홈플러스(주) 김해점,대형마트,35.239050909956376,128.869316062139
롯데쇼핑(주) 롯데마트장유점,대형마트,35.19025743647385,128.80042064024002
메가마트 김해점,대형마트,35.22329145583256,128.8995124064707
롯데쇼핑(주) 롯데마트 김해점,대형마트,35.22275918639138,128.8812050692712
코스트코 홀세일 김해점,대형마트,35.232673945340025,128.8377863760533
메가마트 김해점,대형마트,35.22329145583256,128.8995124064707
노브랜드 밀양삼문점,대형마트,35.478985692933044,128.74870942451372
홈플러스(주) 밀양점,대형마트,35.48647049974804,128.73957256125811
디큐브거제백화점,백화점,34.888287996228684,128.6157318294878
홈플러스거제점,대형마트,34.888287996228684,128.6157318294878
롯데쇼핑(주) 롯데마트 거제점,대형마트,34.88792462693054,128.68613686962578
(주)서원유통 탑마트 양산북정점,대형마트,35.3539068048991,129.04051583766386
롯데쇼핑(주) 롯데마트 웅상점,대형마트,35.40985302619677,129.16610660145244
(주)이마트 양산점,대형마트,35.33407043808179,129.02550560775043
트레이더스 홀세일 클럽 동탄점,대형마트,37.19075610723145,127.09630931289131
롯데백화점 동탄점,백화점,37.19762158411012,127.09652586239355
홈플러스(주) 병점점,대형마트,37.20093571049711,127.03591246037978
(주)이마트 스타필드 마켓 동탄점,대형마트,37.21163848660695,127.0789254697133
홈플러스(주)화성동탄점,대형마트,37.200035485163696,127.06766606061551
홈플러스(주) 화성향남점,대형마트,37.1280149535346,126.9210389011344
TOP PRICE WHOLESALE,대형마트,37.40827298937191,127.19464408806363
(주) 이마트 경기광주점,대형마트,37.40681488110973,127.26047679101207
홈플러스 주식회사(계룡점),대형마트,36.27123286696366,127.2563360826252
골드마트,대형마트,37.824760677616,127.05177568052724
리치마트 양주점,대형마트,37.81440838700231,127.04210774638457
(주)이마트 포천점,대형마트,37.84521631845329,127.1593286029392
김기민,대형마트,35.226291155627166,128.57551716517852
(주)지에스리테일 마산월영점,대형마트,35.17234231151267,128.5572153667174
(주)지에스리테일 월영마린점,대형마트,35.17144663366935,128.56374929557776
홈플러스 창원점,대형마트,35.23134349062659,128.64282991833335
홈플러스 진해점,대형마트,35.15042012487988,128.69028345628666
홈플러스 마산점,대형마트,35.219874587204785,128.5848946272602
이마트 창원점,대형마트,35.22358944708181,128.67909367077425
이마트 마산점,대형마트,35.19507217571761,128.56888617090536
(주)신세계 마산점,백화점,35.2168256492396,128.58550634668137
GS THE FRESH 창원가음점,대형마트,35.206678910511634,128.6927267467134
(주)기산프라쟈,대형마트,35.202482313864564,128.57994416620437
(주)아람마트 창원점,대형마트,35.23718618782974,128.66168707304365
홈플러스 창원점,대형마트,35.23134349062659,128.64282991833335
롯데백화점 창원점,백화점,35.22176587006215,128.68105808666635
(주)신세계 마산점,백화점,35.2168256492396,128.58550634668137
(주) 이마트 창원점,대형마트,35.22358944708181,128.67909367077425
대동백화점,백화점,35.21669283189735,128.687629759904
신세계 이마트 창원점,대형마트,35.22358944708181,128.67909367077425
신세계 이마트 창원점,대형마트,35.22358944708181,128.67909367077425
신세계 이마트 창원점,대형마트,35.22358944708181,128.67909367077425
롯데쇼핑(주)롯데마트진해점,대형마트,35.155420148447156,128.69789412801046
서창원농협 하나로마트,대형마트,35.251391572222815,128.51136113589988
롯데쇼핑(주) 롯데마트 시티세븐점,대형마트,35.23726883425412,128.65203284386203
(주)신세계마트 이마트 마산점,대형마트,35.19507217571761,128.56888617090536
(주)대우인터내서널 대우백화점,백화점,35.19865064282015,128.57254239726333
홈플러스 진해점,대형마트,35.15042012487988,128.69028345628666
(주)신세계이마트마산점,대형마트,35.19507217571761,128.56888617090536
롯데쇼핑(주) 롯데마트 양덕점,대형마트,35.22231512608724,128.5844849022491
롯데백화점 창원점 신관,백화점,35.22179920465217,128.6821551387258
농협하나로마트창원점,대형마트,35.24063747020009,128.65148618225163
홈플러스 마산점,대형마트,35.219874587204785,128.5848946272602
롯데쇼핑(주) 롯데마트 당진점,대형마트,36.90294971702226,126.64515440615847
홈플러스(주) 세종점,대형마트,36.504556980021306,127.25805588962963
이마트 세종점,대형마트,36.46837657510982,127.25020744062422
이마트 세종점,대형마트,36.46837657510982,127.25020744062422
코스트코 홀세일 세종점,대형마트,36.464730278112555,127.26840721326623
홈플러스(주) 조치원점,대형마트,36.58355230304903,127.2968289668334
롯데쇼핑(주)롯데마트 청주점,대형마트,36.624022786724716,127.4311739470453
홈플러스(주) 청주성안점,대형마트,36.63353269302073,127.4851676577597
홈플러스(주)청주점,대형마트,36.61267693659987,127.44150009250653
홈플러스(주) 오창점,대형마트,36.71025914006407,127.42740642902113
현대백화점 충청점,백화점,36.64200372962215,127.42545412878471
주식회사 아산마트오창점,대형마트,36.73679621402098,127.44985969033404
다농엘마트,대형마트,36.65851943730831,127.43599971252179
(주)뉴월드,대형마트,33.47970198784771,126.48059648787061
셀비즈백화점,백화점,33.484614288648366,126.48886247088723
이마트,대형마트,33.51536028087035,126.51980024616694
(주)이마트 제주점,대형마트,33.51536028087035,126.51980024616694
(주)신세계 이마트 신제주점,대형마트,33.482422301421046,126.47953421601817
롯데쇼핑(주) 롯데마트제주점,대형마트,33.47970198784771,126.48059648787061
(주)이마트 신제주점,대형마트,33.482422301421046,126.47953421601817
(주)이마트 서귀포점,대형마트,33.24550428465668,126.50801436963793
홈플러스(주) 서귀포점,대형마트,33.257774541278444,126.55921115441848
동명백화점,백화점,33.24551919867349,126.56297063894904
(주)이마트 서귀포점,대형마트,33.24550428465668,126.50801436963793
(의)나사렛의료재단 나사렛국제병원,종합병원,37.407958,126.6704928
(의)성세의료재단 뉴성민병원,종합병원,37.5097753,126.6698519
(의)영문의료재단 다보스병원,종합병원,37.2314882,127.2114647
(재)미리내천주성삼성직수도회천주성삼병원,종합병원,35.8402518,128.7057102
KS병원,종합병원,35.1979238,126.8331484
가톨릭관동대학교 국제성모병원,종합병원,37.5423431,126.6835685
가톨릭대학교 성빈센트병원,종합병원,37.2779855,127.0274271
가톨릭대학교 여의도성모병원,종합병원,37.5183253,126.9367517
가톨릭대학교 은평성모병원,종합병원,37.6334945,126.9161912
가톨릭대학교부천성모병원,종합병원,37.4871165,126.7924166
가톨릭대학교의정부성모병원,종합병원,37.7587045,127.0777625
가톨릭대학교인천성모병원,종합병원,37.4848309,126.7248987
강남베드로병원,종합병원,37.4856196,127.0396045
강남병원,종합병원,37.2737515,127.1115072
강남종합병원,종합병원,35.8827739,128.6639117
강동경희대학교의대병원,종합병원,37.5535361,127.1576732
강릉아산병원,종합병원,37.8184325,128.8578411
강북삼성병원,종합병원,37.5684083,126.96775
강원대학교병원,종합병원,37.8751611,127.7448909
강원특별자치도강릉의료원,종합병원,37.7492828,128.8888316
강원특별자치도삼척의료원,종합병원,37.4403018,129.1638017
강원특별자치도속초의료원,종합병원,38.2164607,128.5892486
강원특별자치도영월의료원,종합병원,37.1864525,128.4652387
강원특별자치도원주의료원,종합병원,37.332608,127.949225
강일병원,종합병원,35.2566817,128.8696709
건국대학교 충주병원,종합병원,36.9789801,127.9288169
건국대학교병원,종합병원,37.5403764,127.0718276
검단탑병원,종합병원,37.5924835,126.6711792
경기도의료원 수원병원,종합병원,37.2918917,126.9963375
경기도의료원 안성병원,종합병원,37.0173296,127.2603859
경기도의료원 이천병원,종합병원,37.2828595,127.4330563
경기도의료원의정부병원,종합병원,37.741161,127.0425004
경기도의료원파주병원,종합병원,37.7550649,126.7801502
경기도의료원포천병원,종합병원,37.9033162,127.19828
경북대학교병원,종합병원,35.8662525,128.604703
경상국립대학교병원,종합병원,35.1759944,128.0964924
경상남도마산의료원,종합병원,35.1992371,128.5655967
경상북도김천의료원,종합병원,36.1227232,128.1264391
경상북도안동의료원,종합병원,36.5682206,128.7321116
경상북도포항의료원,종합병원,36.0348814,129.3549409
경찰병원,종합병원,37.4963836,127.1235089
경희대학교병원,종합병원,37.5941195,127.051852
계명대학교대구동산병원,종합병원,35.8694728,128.5831323
계명대학교동산병원,종합병원,35.8538856,128.4801315
고려대학교의과대학부속구로병원,종합병원,37.492052,126.8848701
고려대학교의과대학부속안산병원,종합병원,37.3185144,126.8249033
고신대학교복음병원,종합병원,35.0809636,129.0139595
곽병원,종합병원,35.8710213,128.5885849
광명성애병원,종합병원,37.4736659,126.8713502
광양사랑병원,종합병원,34.9361846,127.6969657
광주기독병원,종합병원,35.136665,126.9118749
광주병원,종합병원,35.178903,126.9281408
광주보훈병원,종합병원,35.2079032,126.8496719
광주센트럴병원,종합병원,35.1857756,126.8291069
광주수완병원,종합병원,35.193096,126.8241888
광주씨티병원,종합병원,35.1177147,126.8994848
광주일곡병원,종합병원,35.2028543,126.8976135
광주한국병원,종합병원,35.1562166,126.8688164
광주현대병원,종합병원,35.185676,126.897925
광주희망병원,종합병원,35.2134937,126.8747341
구로성심병원,종합병원,37.4996715,126.8664159
구미강동병원,종합병원,36.096239,128.4228695
구포성심병원,종합병원,35.2097133,129.0047235
국군수도병원,종합병원,37.3923789,127.1490674
국립소방병원,종합병원,36.9043425,127.5526368
국립암센터,종합병원,37.6632301,126.7834097
국립중앙의료원,종합병원,37.5672138,127.005671
국민건강보험공단일산병원,종합병원,37.6454754,126.7930401
근로복지공단 대전병원,종합병원,36.3683976,127.4285488
근로복지공단 동해병원,종합병원,37.5321225,129.106078
근로복지공단 순천병원,종합병원,34.9611351,127.5249267
근로복지공단 창원병원,종합병원,35.2187539,128.6717512
근로복지공단 태백병원,종합병원,37.1040964,129.0043366
근로복지공단안산병원,종합병원,37.3167269,126.874139
근로복지공단인천병원,종합병원,37.4767018,126.7536333
기쁨병원,종합병원,37.4827157,127.0180814
나사렛종합병원,종합병원,35.8147014,128.5251021
나주종합병원,종합병원,35.0363158,126.7213974
남양주 한양병원,종합병원,37.6823474,127.2043933
노원을지대학교병원,종합병원,37.6364793,127.0699354
녹색병원,종합병원,37.5835731,127.0860738
뉴대성병원,종합병원,37.4925524,126.7841872
단국대학교의과대학부속병원,종합병원,36.8415904,127.172575
당진종합병원,종합병원,36.9044002,126.6844489
대구가톨릭대학교 칠곡가톨릭병원,종합병원,35.9348614,128.5493894
대구가톨릭대학교병원,종합병원,35.8436078,128.5679969
대구굿모닝병원,종합병원,35.8661072,128.5713825
대구의료원,종합병원,35.85964,128.540587
대구파티마병원,종합병원,35.8842611,128.6244071
대동병원,종합병원,35.2042538,129.0802033
대림성모병원,종합병원,37.4906979,126.9072208
대아의료재단한도병원,종합병원,37.3340586,126.8076223
대자인병원,종합병원,35.8459659,127.1534706
대전보훈병원,종합병원,36.4473355,127.4396417
대전한국병원,종합병원,36.3482008,127.4358152
대진의료재단 분당제생병원,종합병원,37.3882035,127.1217783
대청병원,종합병원,36.3082388,127.3705716
더블유병원,종합병원,35.8526313,128.5449481
동국대학교의과대학경주병원,종합병원,35.8583076,129.1966582
동국대학교일산불교병원,종합병원,37.6763969,126.8064233
동남권원자력의학원원자력병원,종합병원,35.3214002,129.2435492
동래봉생병원,종합병원,35.1969224,129.0961355
동아대학교병원,종합병원,35.1201682,129.0175391
동아병원,종합병원,35.1348132,126.8999505
드림종합병원,종합병원,35.8395584,128.5744911
메디인병원,종합병원,37.7610733,126.766669
명지성모병원,종합병원,37.4938623,126.8992626
목포기독병원,종합병원,34.8045332,126.4205999
목포시의료원,종합병원,34.8039838,126.4053626
목포한국병원,종합병원,34.809382,126.4162693
미래로21병원,종합병원,35.141033,126.8852856
미즈메디병원,종합병원,37.5522178,126.8359357
베데스다복음병원,종합병원,35.3532447,129.0435924
부민병원,종합병원,37.556866,126.8509273
부산광역시의료원,종합병원,35.1872821,129.0592351
부산대학교병원,종합병원,35.1008477,129.0188032
부산성모병원(재단법인 천주교부산교구유지재단),종합병원,35.1104571,129.109125
부안성모병원,종합병원,35.7248401,126.7345709
부천세종병원,종합병원,37.4809661,126.7913172
부천우리병원,종합병원,37.5208668,126.8052027
부평세림병원,종합병원,37.506872,126.7199858
분당서울대학교병원,종합병원,37.3519807,127.1232509
비에스종합병원,종합병원,37.7360483,126.4859916
비에이치에스한서병원,종합병원,35.16088,129.1131037
빌리브세웅병원,종합병원,35.1960144,129.1082196
빛가람종합병원,종합병원,35.0242155,126.7987186
빛고을전남대학교병원,종합병원,35.0943936,126.8963045
삼성서울병원,종합병원,37.4882977,127.0851508
삼육부산병원,종합병원,35.1127676,129.0110653
삼육서울병원,종합병원,37.5879909,127.0653065
삼일병원,종합병원,35.8324956,128.5535826
상무병원,종합병원,35.1527509,126.8538803
상주적십자병원,종합병원,36.4146221,128.1555556
새통영병원,종합병원,34.8653483,128.4207171
서광병원,종합병원,35.1325949,126.8557303
서남대학교병원,종합병원,35.1447273,126.9150205
서산중앙병원,종합병원,36.7810108,126.5034636
서울대학교병원,종합병원,37.5797151,126.9990168
서울산보람병원,종합병원,35.5597987,129.1210036
서울성심병원,종합병원,37.5843076,127.0497296
서울적십자병원,종합병원,37.5671805,126.9669974
서울특별시 동부병원,종합병원,37.5753681,127.0313409
서울특별시보라매병원,종합병원,37.4934414,126.9239058
서울특별시서남병원,종합병원,37.5120195,126.8331531
서울특별시서울의료원,종합병원,37.6132762,127.0978309
서울현대병원,종합병원,37.6402555,127.0285199
선한병원,종합병원,35.1615964,126.8869934
성가롤로병원,종합병원,34.9647333,127.5437073
성남시의료원,종합병원,37.4449939,127.1390646
성남중앙병원,종합병원,37.4528497,127.1619932
성심의료재단강동성심병원,종합병원,37.5359971,127.135378
성애의료재단 성애병원,종합병원,37.5120274,126.9225003
세란병원,종합병원,37.5751835,126.9574606
세종여주병원,종합병원,37.301484,127.6253003
세종충남대학교병원,종합병원,36.5195133,127.2579427
순천의료재단 성남정병원,종합병원,37.4398589,127.1290046
순천중앙병원,종합병원,34.9514574,127.4844458
순천향대학교 부속 구미병원,종합병원,36.1029182,128.3827377
순천향대학교 부속 서울병원,종합병원,37.533804,127.0042579
순천향대학교부속 천안병원,종합병원,36.8027381,127.1358588
순천향대학교부속부천병원,종합병원,37.4986998,126.7629626
신가병원,종합병원,35.1774148,126.8296527
씨엠병원,종합병원,37.5188597,126.9041862
아산충무병원,종합병원,36.7792647,127.0198062
아주대학교병원,종합병원,37.2794612,127.0476837
안동성소병원,종합병원,36.5672423,128.7228172
안성성모병원,종합병원,37.0062179,127.2709213
양산부산대학교병원,종합병원,35.3281501,129.0057274
에스포항병원,종합병원,36.0348843,129.3314538
여수전남병원,종합병원,34.7450673,127.7280181
여천전남병원,종합병원,34.7691121,127.6543239
연세대학교 원주세브란스기독병원,종합병원,37.3490013,127.9456639
연세대학교 의과대학 용인세브란스병원,종합병원,37.270805,127.1485144
연세대학교의과대학 강남세브란스병원,종합병원,37.4929296,127.0462683
연세대학교의과대학세브란스병원,종합병원,37.5623446,126.9408265
연세에스병원,종합병원,35.1547267,128.6983467
영광종합병원,종합병원,35.2844615,126.4989779
영남대학교병원,종합병원,35.848107,128.58205
영남대학교의과대학부속영천병원,종합병원,35.957285,128.913212
영도병원,종합병원,35.0922416,129.0405236
영주적십자병원,종합병원,36.8252688,128.6039024
오산한국병원,종합병원,37.1412709,127.0753662
온누리병원,종합병원,37.6027927,126.6543363
온재병원,종합병원,38.1980014,128.5783901
우리들병원,종합병원,37.5620454,126.7963265
운암한국병원,종합병원,35.1850041,126.8696693
울산병원,종합병원,35.5462648,129.3231103
울산엘리야병원,종합병원,35.6288626,129.3505372
원광대학교 산본병원,종합병원,37.3594127,126.9336147
원광대학교병원,종합병원,35.9646389,126.9595793
의료법인 갈렌의료재단 박병원,종합병원,37.0482657,127.0570008
의료법인 강릉동인병원,종합병원,37.77435,128.90735
의료법인 거붕 백병원,종합병원,34.8736095,128.6261659
의료법인 건명의료재단 중앙제일병원,종합병원,36.8585629,127.4404044
의료법인 광혜의료재단 광혜병원,종합병원,35.2070104,129.0711482
의료법인 근원의료재단 경산중앙병원,종합병원,35.8088799,128.7401912
의료법인 길의료재단 길병원,종합병원,37.452171,126.7092258
의료법인 남촌의료재단 시화병원,종합병원,37.3499313,126.7369422
의료법인 녹산의료재단동수원병원,종합병원,37.2780649,127.0345487
의료법인 대우의료재단대우병원,종합병원,34.8712995,128.7216517
의료법인 덕산의료재단 수원덕산병원,종합병원,37.2586103,126.9743992
의료법인 동강의료재단 동강병원,종합병원,35.553426,129.3019631
의료법인 동강의료재단 동천동강병원,종합병원,35.568536,129.3504382
의료법인 동해동인병원,종합병원,37.5299417,129.1074625
의료법인 록향의료재단 신천연합병원,종합병원,37.4445152,126.7894932
의료법인 명인의료재단 화홍병원,종합병원,37.2601268,126.9639084
의료법인 명지의료재단 명지병원,종합병원,37.1634681,128.2339509
의료법인 문병욱의료재단 진주고려병원,종합병원,35.1784915,128.0920864
의료법인 박애의료재단 박애병원,종합병원,36.9930636,127.0890756
의료법인 백제병원,종합병원,36.1921929,127.0944739
의료법인 서명의료재단 세명종합병원,종합병원,35.8263331,128.7371689
의료법인 석경의료재단 센트럴병원,종합병원,37.3369084,126.7281267
의료법인 성념의료재단맑은샘병원,종합병원,34.8978348,128.6437581
의료법인 성수의료재단 인천백병원,종합병원,37.4817037,126.6458376
의료법인 센텀의료재단 센텀종합병원,종합병원,35.1668299,129.1144194
의료법인 송은의료재단 울산시티병원,종합병원,35.5828446,129.3590343
의료법인 양진의료재단 평택성모병원,종합병원,37.0084186,127.0743334
의료법인 영동의료재단 의정부백병원,종합병원,37.7453263,127.0622375
의료법인 영서의료재단 천안충무병원,종합병원,36.7974082,127.1314943
의료법인 영제 의료재단 엔케이세종병원,종합병원,36.4796231,127.2622579
의료법인 영훈의료재단 대전선병원,종합병원,36.3360669,127.4104139
의료법인 예당의료재단 예산종합병원,종합병원,36.6910744,126.8379717
의료법인 오성의료재단 동군산병원,종합병원,35.9774829,126.737162
의료법인 온그룹의료재단 온병원,종합병원,35.1574359,129.0504284
의료법인 우범의료재단 장흥종합병원,종합병원,34.6771314,126.9109162
의료법인 원광의료재단 원광종합병원,종합병원,37.2101373,127.0081096
의료법인 은성의료재단 좋은강안병원,종합병원,35.1500685,129.1106218
의료법인 은성의료재단 좋은삼선병원,종합병원,35.150416,129.0082463
의료법인 은성의료재단 좋은삼정병원,종합병원,35.5528955,129.2688242
의료법인 은혜와감사의료재단 화성중앙종합병원,종합병원,37.1312957,126.9108361
의료법인 인당의료재단 부민병원,종합병원,35.2119276,129.0112115
의료법인 인당의료재단 해운대부민병원,종합병원,35.1614208,129.1556545
의료법인 인천사랑병원,종합병원,37.462204,126.6807094
의료법인 인화재단 한국병원,종합병원,36.619507,127.496538
의료법인 일심의료재단 포천우리병원,종합병원,37.827471,127.1481863
의료법인 자산의료재단 제천서울병원,종합병원,37.138611,128.2062355
의료법인 정산의료재단 효성병원,종합병원,36.6244786,127.4953372
의료법인 정안의료재단 중앙병원,종합병원,35.5322423,129.3046446
의료법인 중앙의료재단 중앙병원,종합병원,33.4923256,126.470529
의료법인 청구성심병원,종합병원,37.6208615,126.9197006
의료법인 토마스의료재단 윌스기념병원,종합병원,37.2653229,127.0255443
의료법인 플러스의료재단 단원병원,종합병원,37.3002282,126.8134984
의료법인 행도의료재단 해동병원,종합병원,35.0919442,129.043866
의료법인 혜인의료재단 한국병원,종합병원,33.500233,126.517062
의료법인 힐링의료재단 옥천성모병원,종합병원,36.3133286,127.5720099
의료법인갑을의료재단 갑을장유병원,종합병원,35.2086652,128.8056169
의료법인거명의료재단 영광기독병원,종합병원,35.2749379,126.5108768
의료법인구의료재단 구병원,종합병원,35.8506236,128.5414437
의료법인대송의료재단 무안병원,종합병원,34.9916302,126.4893985
의료법인대인의료재단 다니엘종합병원,종합병원,37.5123067,126.7694764
의료법인덕산의료재단김천제일병원,종합병원,36.1354003,128.1187923
의료법인동신의료재단 동신병원,종합병원,37.5813323,126.9364251
의료법인동춘의료재단문경제일병원,종합병원,36.58444,128.1892251
의료법인루가의료재단 나은병원,종합병원,37.4890717,126.6797292
의료법인명지의료재단명지병원,종합병원,37.6419949,126.8312622
의료법인목포구암의료재단 목포중앙병원,종합병원,34.8213916,126.4210249
의료법인백송의료재단 굿모닝병원,종합병원,36.9906277,127.1204114
의료법인삼백의료재단상주성모병원,종합병원,36.4203907,128.1597338
의료법인서울효천의료재단 에이치플러스양지병원,종합병원,37.4841536,126.9325692
의료법인석영의료재단창원제일종합병원,종합병원,35.199085,128.5676
의료법인석천재단고창병원,종합병원,35.4364278,126.6933531
의료법인성광의료재단일산차병원,종합병원,37.6541317,126.7757374
의료법인성화의료재단  대한병원,종합병원,37.6354747,127.0226914
의료법인숭인의료재단 김해복음병원,종합병원,35.2306263,128.8931625
의료법인안동병원,종합병원,36.5467408,128.7010976
의료법인영경의료재단전주병원,종합병원,35.8152645,127.1248245
의료법인영성의료재단 고흥종합병원,종합병원,34.6210654,127.2939625
의료법인영훈의료재단 유성선병원,종합병원,36.3751715,127.3249507
의료법인우리의료재단김포우리병원,종합병원,37.6323325,126.7107331
의료법인은성의료재단좋은선린병원,종합병원,36.048263,129.3670367
의료법인인봉의료재단뉴고려병원,종합병원,37.640959,126.6602138
의료법인자인의료재단(더자인병원),종합병원,37.6229778,126.8357506
의료법인정화의료재단 봉생기념병원,종합병원,35.1310265,129.0501907
의료법인청아의료재단청아병원,종합병원,35.2480349,128.50965
의료법인청언의료재단 순천제일병원,종합병원,34.9549262,127.524175
의료법인칠석의료재단사랑의병원,종합병원,37.3269353,126.8449325
의료법인풍산의료재단동부제일병원,종합병원,37.6007085,127.1090094
의료법인한국의료재단 순천한국병원,종합병원,34.9477666,127.5122885
의료법인한마음의료재단 여수제일병원,종합병원,34.7659726,127.6635449
의료법인한마음의료재단하나병원,종합병원,36.6235046,127.4308626
의료법인한성재단포항세명기독병원,종합병원,36.0177172,129.3622256
의료법인한전의료재단 한일병원,종합병원,37.6461401,127.0291228
의료법인합포의료재단에스엠지연세병원,종합병원,35.1863148,128.5616013
의료법인해민의료재단 세안종합병원,종합병원,34.8168191,126.380233
의료법인행촌의료재단 해남종합병원,종합병원,34.5717972,126.6127915
의료법인현경의료재단 광양서울병원,종합병원,34.9579361,127.6905821
의료법인환명의료재단 조은금강병원,종합병원,35.2623213,128.8615328
의산의료재단 강릉고려병원,종합병원,37.7590068,128.8998047
이화여자대학교의과대학부속목동병원,종합병원,37.536602,126.8862043
이화여자대학교의과대학부속서울병원,종합병원,37.5572629,126.8362668
익산병원,종합병원,35.9616504,126.9665158
인산의료재단 메트로병원,종합병원,37.3786666,126.9352309
인제대학교 상계백병원,종합병원,37.6485408,127.0629909
인제대학교 해운대백병원,종합병원,35.173443,129.182013
인제대학교부산백병원,종합병원,35.1461809,129.0208925
인제대학교일산백병원,종합병원,37.6743138,126.7504331
인천광역시의료원,종합병원,37.4787429,126.66875
인천기독병원,종합병원,37.4712157,126.6321217
인천세종병원,종합병원,37.5324735,126.7368717
인천적십자병원,종합병원,37.4184945,126.6896544
인천힘찬종합병원,종합병원,37.4011109,126.7147129
인하대학교의과대학부속병원,종합병원,37.4586786,126.6340954
재단법인 아산사회복지재단 부속 보령아산병원,종합병원,36.3811282,126.6228522
재단법인 아산사회복지재단 정읍아산병원,종합병원,35.5888321,126.8234125
재단법인베스티안재단베스티안병원,종합병원,36.6364294,127.3216409
재단법인베스티안재단베스티안서울병원,종합병원,37.5651103,127.0280199
재단법인아산사회복지재단 서울아산병원,종합병원,37.5265762,127.107935
재단법인예수병원유지재단예수병원,종합병원,35.8143916,127.1332292
재단법인일신기독교선교회 일신기독병원,종합병원,35.135783,129.0543811
재단법인천주교부산교구유지재단 메리놀병원,종합병원,35.1076838,129.0324148
전남대학교병원,종합병원,35.1418094,126.9215805
전라남도 강진의료원,종합병원,34.6368113,126.7578653
전라남도 순천의료원,종합병원,34.9579097,127.483468
전북대학교병원,종합병원,35.8470974,127.1411626
전북특별자치도 군산의료원,종합병원,35.9549526,126.7117406
전북특별자치도 남원의료원,종합병원,35.4318755,127.4073171
전주고려병원,종합병원,35.8398807,127.1670378
정읍한국병원,종합병원,35.5843414,126.8515587
제일병원,종합병원,35.1794722,128.0902544
제주대학교병원,종합병원,33.4671105,126.5452109
제주특별자치도 서귀포의료원,종합병원,33.2555354,126.5639215
제주한라병원,종합병원,33.4899609,126.4850403
조선대학교병원,종합병원,35.1390538,126.9261468
조은오산병원,종합병원,37.1541965,127.068197
좋은문화병원,종합병원,35.1408881,129.0590919
중앙대학교광명병원,종합병원,37.4245975,126.88591
중앙대학교병원,종합병원,37.5067481,126.9607839
차의과학대학교 강남차병원,종합병원,37.5067005,127.0345427
차의과학대학교부속구미차병원,종합병원,36.1145325,128.3405414
차의과학대학교분당차병원,종합병원,37.4102384,127.1254535
참조은병원,종합병원,37.4109626,127.260254
창원경상국립대학교병원,종합병원,35.1990872,128.7078463
창원파티마병원,종합병원,35.237293,128.645913
창원한마음병원,종합병원,35.2379477,128.6990272
첨단종합병원,종합병원,35.2211088,126.8453041
청주성모병원,종합병원,36.6737973,127.4856545
추병원,종합병원,37.7497898,127.0450722
충남대학교병원,종합병원,36.316908,127.415363
충북대학교병원,종합병원,36.6242237,127.4614843
충청남도 공주의료원,종합병원,36.458987,127.1094762
충청남도 서산의료원,종합병원,36.7755835,126.4652578
충청남도 천안의료원,종합병원,36.7756271,127.1791797
충청남도 홍성의료원,종합병원,36.5992203,126.6743787
충청북도 청주의료원,종합병원,36.6402026,127.4730326
충청북도 충주의료원,종합병원,36.9796506,127.9706116
칠곡경북대학교병원,종합병원,35.9564207,128.5646727
포항성모병원,종합병원,36.0159003,129.3399527
하남성심병원,종합병원,35.1666556,126.8009586
학교법인 가톨릭학원 가톨릭대학교 대전성모병원,종합병원,36.323042,127.4201629
학교법인 건양교육재단 건양대학교병원,종합병원,36.306642,127.342613
학교법인 고려중앙학원 고려대학교의과대학부속병원(안암병원),종합병원,37.5870165,127.0263537
학교법인 울산공업학원 울산대학교병원,종합병원,35.5200702,129.4289116
학교법인 을지학원 대전을지대학교병원,종합병원,36.3553098,127.3819888
학교법인 을지학원 의정부을지대학교병원,종합병원,37.7518185,127.0506997
학교법인 춘해병원,종합병원,35.1469602,129.0583786
학교법인)동의병원,종합병원,35.1698202,129.076514
학교법인가톨릭학원가톨릭대학교서울성모병원,종합병원,37.5009444,127.0051154
학교법인성균관대학삼성창원병원,종합병원,35.2424957,128.5923771
한국보훈복지의료공단 대구보훈병원,종합병원,35.8028206,128.5519785
한국보훈복지의료공단 부산보훈병원,종합병원,35.1533821,129.006575
한국보훈복지의료공단 중앙보훈병원,종합병원,37.5303393,127.1478691
한국원자력의학원원자력병원,종합병원,37.6288667,127.0824198
한림대학교 강남성심병원,종합병원,37.4937262,126.9086527
한림대학교 한강성심병원,종합병원,37.5231702,126.9096811
한림대학교동탄성심병원,종합병원,37.2165141,127.0799502
한림대학교성심병원,종합병원,37.3917575,126.9620529
한림대학교춘천성심병원,종합병원,37.8840791,127.7399592
한림병원,종합병원,37.5320982,126.7343513
한마음병원,종합병원,33.4962868,126.5462386
한양대학교구리병원,종합병원,37.6012985,127.1324273
한양대학교병원,종합병원,37.5596569,127.0441339
한일병원,종합병원,35.1669944,128.1285557
해남우리종합병원,종합병원,34.584252,126.6465632
해피뷰병원,종합병원,35.1586417,126.906773
현대병원,종합병원,37.7154268,127.179882
현대유비스병원,종합병원,37.4615989,126.6429995
혜민병원,종합병원,37.5354079,127.0836246
홍익병원,종합병원,37.5284838,126.8636551
홍천아산병원,종합병원,37.6908303,127.8948538
화성유일병원,종합병원,37.217785,126.8326549
화순전남대학교병원,종합병원,35.0594333,127.0025
효산의료재단 안양샘병원,종합병원,37.3935234,126.9243939
효산의료재단 지샘병원,종합병원,37.358672,126.9473164
희명병원,종합병원,37.4556869,126.9005836
